Story,Pier,CaseCombo,Location,P,V2,V3,T,M2,M3
T2,C1,EULS Max,0,-2298.4631174387555,39.21121640276765,56.77130253662758,0.48302194881150945,146.26437594036972,82.88944966517502
T2,C1,EULS Max,2.25,-2286.3273855887555,39.21121640276765,56.77130253662758,0.48302194881150945,18.528945232957646,-1.363761993036503
T2,C1,EULS Max,4.5,-2274.1916537387556,39.21121640276765,56.77130253662758,0.48302194881150945,117.00106642781992,6.817265725236474
T2,C1,EULS Min,0,-2809.13550788628,-10.031253649394976,-58.08751148048618,-0.5898446525726686,-144.3927352343679,-38.32337569704093
T2,C1,EULS Min,2.25,-2796.99977603628,-10.031253649394976,-58.08751148048618,-0.5898446525726686,-13.69583440327399,-18.286150934631344
T2,C1,EULS Min,4.5,-2784.86404418628,-10.031253649394976,-58.08751148048618,-0.5898446525726686,-109.20648547445441,-93.5610241472794
T2,C10,EULS Max,0,-712.8592889709015,12.376557657826293,44.48091927567282,0.48302194881150934,147.97307128891586,47.28923168991424
T2,C10,EULS Max,2.125,-701.3977644459014,12.376557657826293,44.48091927567282,0.48302194881150934,53.45111782811111,20.989046667033353
T2,C10,EULS Max,4.25,-689.9362399209015,12.376557657826293,44.48091927567282,0.48302194881150934,-0.4566614484449545,32.39636590464664
T2,C10,EULS Min,0,-960.68068685583,-20.619146427991712,-26.86008364882306,-0.5898446525726685,-114.61201695594296,-55.565523824127645
T2,C10,EULS Min,2.125,-949.2191623308299,-20.619146427991712,-26.86008364882306,-0.5898446525726685,-57.53433920219396,-11.749837664645252
T2,C10,EULS Min,4.25,-937.75763780583,-20.619146427991712,-26.86008364882306,-0.5898446525726685,-43.026172337708616,-5.311138355847524
T2,C11,EULS Max,0,-319.51702368193185,2.9438786637680456,3.2967661132133204,0.029110185195182738,7.770023013040394,6.35124878608851
T2,C11,EULS Max,2.085,-316.7955453621299,2.9438786637680456,3.2967661132133204,0.029110185195182738,0.8962656669906212,0.21326177213213476
T2,C11,EULS Max,4.17,-314.07406704232784,2.9438786637680456,3.2967661132133204,0.029110185195182738,7.04457123688873,3.8539382120728924
T2,C11,EULS Min,0,-385.14980690100185,-2.080552166683895,-3.635136614296397,-0.035548047278238855,-8.113948444727246,-4.82196432299895
T2,C11,EULS Min,2.085,-382.4283285811999,-2.080552166683895,-3.635136614296397,-0.035548047278238855,-0.5346886039192579,-0.4840130554630286
T2,C11,EULS Min,4.17,-379.70685026139785,-2.080552166683895,-3.635136614296397,-0.035548047278238855,-5.977491679059151,-5.924725241824241
T2,C12,EULS Max,0,-871.2823114920069,11.556218200931779,48.32956027148924,0.3271689205960823,147.94773233483744,30.71298474995486
T2,C12,EULS Max,2.085,-861.1611111291069,11.556218200931779,48.32956027148924,0.3271689205960823,47.180599168782365,6.618269801012102
T2,C12,EULS Max,4.17,-851.039910766207,11.556218200931779,48.32956027148924,0.3271689205960823,91.37619333271083,19.60403725890519
T2,C12,EULS Min,0,-1204.2296676481183,-11.734043793909391,-60.71608869289456,-0.399523952848109,-161.80989651665948,-29.32692536169697
T2,C12,EULS Min,2.085,-1194.1084672852182,-11.734043793909391,-60.71608869289456,-0.399523952848109,-35.21685159197432,-4.86144405139589
T2,C12,EULS Min,4.17,-1183.9872669223182,-11.734043793909391,-60.71608869289456,-0.399523952848109,-53.586533997272696,-17.476445147930658
T2,C13,EULS Max,0,-185.11697022008582,1.7692316924292992,6.8170178482451975,0.05159355716042242,20.144289222316676,5.399968462106831
T2,C13,EULS Max,2.125,-181.33466712683583,1.7692316924292992,6.8170178482451975,0.05159355716042242,5.658126294795634,1.7239194531860333
T2,C13,EULS Max,4.25,-177.55236403358583,1.7692316924292992,6.8170178482451975,0.05159355716042242,5.311446730587097,5.565508901131098
T2,C13,EULS Min,0,-350.403534947592,-2.7780911122152157,-5.211644113054764,-0.06300372865696231,-16.83804074989565,-6.553708526010618
T2,C13,EULS Min,2.125,-346.621231854342,-2.7780911122152157,-5.211644113054764,-0.06300372865696231,-5.763297009654277,-0.6505979570968388
T2,C13,EULS Min,4.25,-342.838928761092,-2.7780911122152157,-5.211644113054764,-0.06300372865696231,-8.92107541477153,-2.1192662307176913
T2,C14,EULS Max,0,-901.4119577817652,17.216856372662807,31.074331064610405,0.48302194881150934,98.84138552134418,67.54819234907042
T2,C14,EULS Max,2.125,-889.9504332567651,17.216856372662807,31.074331064610405,0.48302194881150934,32.80843200904707,31.01901207942657
T2,C14,EULS Max,4.25,-878.488908731765,17.216856372662807,31.074331064610405,0.48302194881150934,21.859927250233373,50.432719961558035
T2,C14,EULS Min,0,-1404.2437240145828,-29.74043235916779,-25.25575214328289,-0.5898446525726685,-85.47701935871892,-80.4096158294888
T2,C14,EULS Min,2.125,-1392.7821994895828,-29.74043235916779,-25.25575214328289,-0.5898446525726685,-31.808546054242772,-17.68730619961593
T2,C14,EULS Min,4.25,-1381.3206749645826,-29.74043235916779,-25.25575214328289,-0.5898446525726685,-33.22452150325004,-5.623447234746518
T2,C15,EULS Max,0,-145.64019312213713,1.7389069875518823,5.5340456313214945,0.05159355716042242,18.232147431937904,5.2943082337937675
T2,C15,EULS Max,2.125,-141.85789002888714,1.7389069875518823,5.5340456313214945,0.05159355716042242,6.472300465379729,1.6844515602295025
T2,C15,EULS Max,4.25,-138.07558693563715,1.7389069875518823,5.5340456313214945,0.05159355716042242,9.124029625385454,5.548446131813904
T2,C15,EULS Min,0,-316.0809502478787,-2.759265301404229,-6.560528029707213,-0.06300372865696231,-18.848417337461562,-6.477895028640734
T2,C15,EULS Min,2.125,-312.2986471546287,-2.759265301404229,-6.560528029707213,-0.06300372865696231,-4.907295274333733,-0.6224737746424099
T2,C15,EULS Min,4.25,-308.51634406137873,-2.759265301404229,-6.560528029707213,-0.06300372865696231,-5.287546501178447,-2.0960464633017324
T2,C16,EULS Max,0,-663.5510933320672,8.586887116764018,18.51815015581804,0.32716892059608227,72.05997047806378,34.86339926113355
T2,C16,EULS Max,2.25,-652.6289346670673,8.586887116764018,18.51815015581804,0.32716892059608227,30.394132627473173,15.913746390748795
T2,C16,EULS Max,4.5,-641.7067760020673,8.586887116764018,18.51815015581804,0.32716892059608227,62.06178294939764,43.00010759954129
T2,C16,EULS Min,0,-1003.8941149932939,-20.18862180527325,-35.4928616176742,-0.39952395284810893,-100.99750448330471,-50.113304392661675
T2,C16,EULS Min,2.25,-992.9719563282938,-20.18862180527325,-35.4928616176742,-0.39952395284810893,-21.13856584353776,-4.832694366110285
T2,C16,EULS Min,4.5,-982.0497976632939,-20.18862180527325,-35.4928616176742,-0.39952395284810893,-11.271705223117415,-3.7775927643045257
T2,C2,EULS Max,0,-806.6908301180946,26.26762495464336,51.34524246759341,0.48302194881150945,135.30085403606572,64.9930456705003
T2,C2,EULS Max,2.085,-795.4450519370946,26.26762495464336,51.34524246759341,0.48302194881150945,28.246023491133464,10.225047640068887
T2,C2,EULS Max,4.17,-784.1992737560946,26.26762495464336,51.34524246759341,0.48302194881150945,54.546015018420064,14.573555191055867
T2,C2,EULS Min,0,-1103.0835191162914,-13.968226754166466,-41.13414391177477,-0.5898446525726686,-116.98336509368072,-43.673950373818286
T2,C2,EULS Min,2.085,-1091.8377409352913,-13.968226754166466,-41.13414391177477,-0.5898446525726686,-31.218675037630327,-14.550197591381213
T2,C2,EULS Min,4.17,-1080.5919627542914,-13.968226754166466,-41.13414391177477,-0.5898446525726686,-78.8088070537988,-44.54295039036251
T2,C23,EULS Max,0,-1535.873666989218,19.83329957218725,59.6404637314409,0.48302194881150934,165.78382469097704,58.347082814967266
T2,C23,EULS Max,2.125,-1524.4121424642178,19.83329957218725,59.6404637314409,0.48302194881150934,41.774386295389384,16.20132122406936
T2,C23,EULS Max,4.25,-1512.9506179392176,19.83329957218725,59.6404637314409,0.48302194881150934,-5.1479093726150325,30.18400204666888
T2,C23,EULS Min,0,-2155.3676021830265,-19.886945725575053,-24.393765754144013,-0.5898446525726685,-108.82141382772708,-54.47971899757337
T2,C23,EULS Min,2.125,-2143.9060776580263,-19.886945725575053,-24.393765754144013,-0.5898446525726685,-56.98466160017106,-12.219959330726377
T2,C23,EULS Min,4.25,-2132.4445531330266,-19.886945725575053,-24.393765754144013,-0.5898446525726685,-92.57298980221252,-25.944440366828545
T2,C24,EULS Max,0,-1789.9963535697373,20.47791397193654,60.59802147820677,0.48302194881150945,162.82438373498763,59.303002993961954
T2,C24,EULS Max,2.25,-1777.8606217197375,20.47791397193654,60.59802147820677,0.48302194881150945,31.651748568787347,13.227696557104734
T2,C24,EULS Max,4.5,-1765.7248898697376,20.47791397193654,60.59802147820677,0.48302194881150945,14.456068711504898,31.485320828510567
T2,C24,EULS Min,0,-2467.510553982111,-18.718189338727587,-28.078532444540844,-0.5898446525726686,-111.8973272889289,-52.74653119576358
T2,C24,EULS Min,2.25,-2455.3748221321116,-18.718189338727587,-28.078532444540844,-0.5898446525726686,-49.05009260880952,-10.630605183626505
T2,C24,EULS Min,4.5,-2443.2390902821116,-18.718189338727587,-28.078532444540844,-0.5898446525726686,-113.06050086302533,-32.84760987975248
T2,C25,EULS Max,0,-1207.7181014937044,11.483288496286011,29.31417147745472,0.48302194881150934,125.62739625616369,44.62980153021878
T2,C25,EULS Max,2.125,-1196.2565769687042,11.483288496286011,29.31417147745472,0.48302194881150934,63.33478186657243,20.227813475611008
T2,C25,EULS Max,4.25,-1184.7950524437042,11.483288496286011,29.31417147745472,0.48302194881150934,49.25712316978935,41.73992946461354
T2,C25,EULS Min,0,-1584.3093925805797,-22.990293427083525,-43.97913015088221,-0.5898446525726685,-139.834078738399,-58.146651166178096
T2,C25,EULS Min,2.125,-1572.8478680555795,-22.990293427083525,-43.97913015088221,-0.5898446525726685,-46.37842716777432,-9.292277633625607
T2,C25,EULS Min,4.25,-1561.3863435305796,-22.990293427083525,-43.97913015088221,-0.5898446525726685,1.0421674769811453,-4.174174578996766
T2,C26,EULS Max,0,-582.7019913570591,10.833624762332992,30.058205985439805,0.48302194881150934,126.72360709515065,41.071004406956305
T2,C26,EULS Max,2.125,-571.2404668320589,10.833624762332992,30.058205985439805,0.48302194881150934,62.84991937609109,18.049551786998705
T2,C26,EULS Max,4.25,-559.778942307059,10.833624762332992,30.058205985439805,0.48302194881150934,43.85934775152043,30.885886297247406
T2,C26,EULS Min,0,-835.4273469365411,-18.509216002397455,-41.44541125543142,-0.5898446525726685,-136.10106624189405,-49.68321236448861
T2,C26,EULS Min,2.125,-823.965822411541,-18.509216002397455,-41.44541125543142,-0.5898446525726685,-48.02956732410231,-10.351128359394018
T2,C26,EULS Min,4.25,-812.504297886541,-18.509216002397455,-41.44541125543142,-0.5898446525726685,-1.0237683429684878,-4.971900832958902
T2,C27,EULS Max,0,-1147.621924389854,17.890173446980015,28.88343584243285,0.48302194881150934,122.35887632125673,51.535395652848436
T2,C27,EULS Max,2.125,-1136.160399864854,17.890173446980015,28.88343584243285,0.48302194881150934,60.98157515608691,13.518777078015903
T2,C27,EULS Max,4.25,-1124.6988753398539,17.890173446980015,28.88343584243285,0.48302194881150934,77.13015186787533,22.94736983373704
T2,C27,EULS Min,0,-1663.6216698820604,-16.32871710823025,-51.244170405513,-0.5898446525726685,-148.3810099138359,-46.44967787624154
T2,C27,EULS Min,2.125,-1652.1601453570602,-16.32871710823025,-51.244170405513,-0.5898446525726685,-39.48714780212077,-11.75115402125225
T2,C27,EULS Min,4.25,-1640.6986208320604,-16.32871710823025,-51.244170405513,-0.5898446525726685,-0.39572600908289246,-24.49784149681663
T2,C28,EULS Max,0,-1142.509514264279,18.70699390350935,28.547247119713617,0.48302194881150934,118.9902097973121,52.74668593323268
T2,C28,EULS Max,2.125,-1131.0479897392788,18.70699390350935,28.547247119713617,0.48302194881150934,58.327309667920666,12.994323888275314
T2,C28,EULS Max,4.25,-1119.586465214279,18.70699390350935,28.547247119713617,0.48302194881150934,76.15793418542816,20.873035450793303
T2,C28,EULS Min,0,-1637.3189585419327,-15.579066076637508,-50.12495762102496,-0.5898446525726685,-144.3790602999756,-45.337995374916105
T2,C28,EULS Min,2.125,-1625.8574340169328,-15.579066076637508,-50.12495762102496,-0.5898446525726685,-37.863525355297575,-12.232479962061397
T2,C28,EULS Min,4.25,-1614.3959094919328,-15.579066076637508,-50.12495762102496,-0.5898446525726685,-2.3355904614707654,-26.758038156682055
T2,C29,EULS Max,0,-737.3314944347994,20.509493067044644,28.340791463036716,0.48302194881150934,116.05212902966274,55.153308723091456
T2,C29,EULS Max,2.125,-725.8699699097995,20.509493067044644,28.340791463036716,0.48302194881150934,55.82794717070972,11.952326755892276
T2,C29,EULS Max,4.25,-714.4084453847995,20.509493067044644,28.340791463036716,0.48302194881150934,55.45034143778799,3.931864329489441
T2,C29,EULS Min,0,-1125.428890478452,-9.456636389360241,-42.56564857452502,-0.5898446525726685,-131.0847835604241,-36.25884032529159
T2,C29,EULS Min,2.125,-1113.9673659534521,-9.456636389360241,-42.56564857452502,-0.5898446525726685,-40.632780339558465,-16.163487997901072
T2,C29,EULS Min,4.25,-1102.5058414284522,-9.456636389360241,-42.56564857452502,-0.5898446525726685,-4.396234688243307,-33.65959214347901
T2,C3,EULS Max,0,-1792.7392870365638,15.729228071735761,70.76781933759696,0.48302194881150945,167.45671495819488,50.926246847827436
T2,C3,EULS Max,2.085,-1781.4935088555637,15.729228071735761,70.76781933759696,0.48302194881150945,27.501602319008548,18.806604386495508
T2,C3,EULS Max,4.17,-1770.2477306745639,15.729228071735761,70.76781933759696,0.48302194881150945,-4.998320448900792,55.96659271062752
T2,C3,EULS Min,0,-2433.6900202241745,-28.614491806217664,-21.758330770829296,-0.5898446525726686,-95.73055976325894,-66.37659184100195
T2,C3,EULS Min,2.085,-2422.4442420431747,-28.614491806217664,-21.758330770829296,-0.5898446525726686,-50.82160839592301,-6.870557117110302
T2,C3,EULS Min,4.17,-2411.198463862175,-28.614491806217664,-21.758330770829296,-0.5898446525726686,-128.29307353223308,-14.664634211310688
T2,C30,EULS Max,0,-2789.1026853314174,35.841089896140545,60.6962462556932,0.7766659443937064,189.18073711666827,103.99818333384056
T2,C30,EULS Max,2.25,-2773.9330205189176,35.841089896140545,60.6962462556932,0.7766659443937064,52.61418304135857,23.355731067524328
T2,C30,EULS Max,4.5,-2758.7633557064178,35.841089896140545,60.6962462556932,0.7766659443937064,83.1315192982797,59.220395759808376
T2,C30,EULS Min,0,-3575.629367655536,-34.459534289611966,-57.56600260505981,-0.9484294766793285,-175.91549242448943,-95.84750854344549
T2,C30,EULS Min,2.25,-3560.459702843036,-34.459534289611966,-57.56600260505981,-0.9484294766793285,-46.391986563104865,-18.313556391818548
T2,C30,EULS Min,4.5,-3545.2900380305355,-34.459534289611966,-57.56600260505981,-0.9484294766793285,-83.95237103395112,-57.2867211987919
T2,C31,EULS Max,0,-2973.3952527909155,34.796997356892575,54.688983323649865,0.7766659443937064,176.73835082705978,102.45988699657985
T2,C31,EULS Max,2.25,-2958.2255879784157,34.796997356892575,54.688983323649865,0.7766659443937064,53.688138348847595,24.166642943571542
T2,C31,EULS Max,4.5,-2943.0559231659154,34.796997356892575,54.688983323649865,0.7766659443937064,90.39341702478043,47.66405200085261
T2,C31,EULS Min,0,-3818.448367943358,-30.6413590435653,-58.993539249351116,-0.9484294766793285,-175.07750959729958,-90.22206369519125
T2,C31,EULS Min,2.25,-3803.278703130858,-30.6413590435653,-58.993539249351116,-0.9484294766793285,-42.34204628625958,-21.279005847169326
T2,C31,EULS Min,4.5,-3788.1090383183578,-30.6413590435653,-58.993539249351116,-0.9484294766793285,-69.36207412936457,-54.12660110943676
T2,C32,EULS Max,0,-1038.3813830287802,8.992164992654587,47.69865318515361,0.48302194881150934,152.71386590353802,39.545244427536815
T2,C32,EULS Max,2.125,-1026.91985850378,8.992164992654587,47.69865318515361,0.48302194881150934,51.3542278850866,21.48586266704779
T2,C32,EULS Max,4.25,-1015.45833397878,8.992164992654587,47.69865318515361,0.48302194881150934,33.85370982127456,53.279335765584044
T2,C32,EULS Min,0,-1399.4630034574172,-26.526158383108303,-39.21675995983913,-0.5898446525726685,-132.81752000804175,-60.52141742758337
T2,C32,EULS Min,2.125,-1388.0014789324173,-26.526158383108303,-39.21675995983913,-0.5898446525726685,-49.48190509338359,-6.868232254708501
T2,C32,EULS Min,4.25,-1376.539954407417,-26.526158383108303,-39.21675995983913,-0.5898446525726685,-50.00541013336482,1.328543208754823
T2,C33,EULS Max,0,-2998.250772595541,30.380080345637086,96.99439349631335,0.8475214168585542,359.4040481739968,83.69282411962455
T2,C33,EULS Max,2.125,-2982.2046382605413,30.380080345637086,96.99439349631335,0.8475214168585542,153.29096199433096,19.13515338514573
T2,C33,EULS Max,4.25,-2966.158503925541,30.380080345637086,96.99439349631335,0.8475214168585542,81.19421326479602,38.860125858789196
T2,C33,EULS Min,0,-3830.2418349339773,-26.21372911860391,-100.34034554139903,-1.0349549889086076,-345.2522552861499,-72.54822289527742
T2,C33,EULS Min,2.125,-3814.1957005989775,-26.21372911860391,-100.34034554139903,-1.0349549889086076,-132.02902101067693,-16.84404851824411
T2,C33,EULS Min,4.25,-3798.1495662639772,-26.21372911860391,-100.34034554139903,-1.0349549889086076,-52.82212418533493,-45.422517349333084
T2,C34,EULS Max,0,-3752.6721936291383,22.371965508601,104.81271155491737,0.8475214168585541,362.8384195689246,71.81732370975652
T2,C34,EULS Max,2.25,-3735.6821690391384,22.371965508601,104.81271155491737,0.8475214168585541,127.0098185703605,21.480401315404265
T2,C34,EULS Max,4.5,-3718.6921444491386,22.371965508601,104.81271155491737,0.8475214168585541,100.7576119350191,54.81730570011101
T2,C34,EULS Min,0,-4863.79574691509,-29.330580217095914,-96.4159655786917,-1.0349549889086076,-333.11423316909355,-77.17030527682061
T2,C34,EULS Min,2.25,-4846.805722325089,-29.330580217095914,-96.4159655786917,-1.0349549889086076,-116.17831061703723,-11.176499788354796
T2,C34,EULS Min,4.5,-4829.81569773509,-29.330580217095914,-96.4159655786917,-1.0349549889086076,-108.8187824282036,-28.85652107894799
T2,C35,EULS Max,0,-2358.123744438201,27.54347849090825,37.35718645882924,0.48302194881150934,129.33628428980253,67.05560554688854
T2,C35,EULS Max,2.125,-2346.6622199132007,27.54347849090825,37.35718645882924,0.48302194881150934,49.95226306479039,8.525713753708505
T2,C35,EULS Max,4.25,-2335.200695388201,27.54347849090825,37.35718645882924,0.48302194881150934,80.04844808375532,17.164239379810752
T2,C35,EULS Min,0,-3090.612219719251,-14.543823408273012,-53.072461495741614,-0.5898446525726685,-146.56482122512446,-44.64701010534954
T2,C35,EULS Min,2.125,-3079.150695194251,-14.543823408273012,-53.072461495741614,-0.5898446525726685,-33.785840546673555,-13.741385362769392
T2,C35,EULS Min,4.25,-3067.689170669251,-14.543823408273012,-53.072461495741614,-0.5898446525726685,-29.43175816022175,-51.501757787783994
T2,C36,EULS Max,0,-2307.772248165979,13.539399067495847,36.28779149611738,0.48302194881150934,125.84514339958163,46.28848940072322
T2,C36,EULS Max,2.125,-2296.310723640979,13.539399067495847,36.28779149611738,0.48302194881150934,48.7335864703322,18.06237667686034
T2,C36,EULS Max,4.25,-2284.849199115979,13.539399067495847,36.28779149611738,0.48302194881150934,86.51531589416994,54.362447323443874
T2,C36,EULS Min,0,-3175.184955151199,-27.06066643538237,-54.34654908569905,-0.5898446525726685,-146.8733261925321,-63.208653828444014
T2,C36,EULS Min,2.125,-3163.7234306261994,-27.06066643538237,-54.34654908569905,-0.5898446525726685,-31.386909385421593,-5.704737653256471
T2,C36,EULS Min,4.25,-3152.2619061011997,-27.06066643538237,-54.34654908569905,-0.5898446525726685,-28.377970458917243,-11.25395663613412
T2,C37,EULS Max,0,-2532.316400829114,34.676679740224905,63.99056872712644,0.7766659443937064,182.2740461619787,104.99821870518221
T2,C37,EULS Max,2.125,-2517.9894951728643,34.676679740224905,63.99056872712644,0.7766659443937064,49.87361397767455,31.310274257204288
T2,C37,EULS Max,4.25,-2503.6625895166144,34.676679740224905,63.99056872712644,0.7766659443937064,-21.62530465222909,11.167699896305962
T2,C37,EULS Min,0,-3330.4873230442154,-20.941421065041382,-22.285039145027596,-0.9484294766793285,-116.33672101859636,-77.8333396301199
T2,C37,EULS Min,2.125,-3316.160417387965,-20.941421065041382,-22.285039145027596,-0.9484294766793285,-68.98101283541273,-33.332819866906966
T2,C37,EULS Min,4.25,-3301.8335117317156,-20.941421065041382,-22.285039145027596,-0.9484294766793285,-95.04614823360123,-44.18791505753639
T2,C38,EULS Max,0,-1678.870307481629,-3.121070212505078,11.610760384794906,0.7922527649339461,65.99801888621468,5.447385145272449
T2,C38,EULS Max,2.25,-1666.734575631629,-3.121070212505078,11.610760384794906,0.7922527649339461,40.45611460707366,12.469793123408865
T2,C38,EULS Max,4.5,-1654.5988437816288,-3.121070212505078,11.610760384794906,0.7922527649339461,14.914210327932636,20.060611370510983
T2,C38,EULS Min,0,-2173.3070903361136,-19.331996896697422,-3.368416533580625,-1.0656642644957002,-31.661832067927953,-87.09800808904785
T2,C38,EULS Min,2.25,-2161.1713584861136,-19.331996896697422,-3.368416533580625,-1.0656642644957002,-24.08289486737155,-43.70133163590669
T2,C38,EULS Min,4.5,-2149.035626636113,-19.331996896697422,-3.368416533580625,-1.0656642644957002,-16.50395766681514,-2.9129471478107423
T2,C39,EULS Max,0,-575.0463964525779,6.397989270382524,42.32383110629953,0.32716892059608227,155.66645674452073,22.370079510720114
T2,C39,EULS Max,2.125,-564.731024380078,6.397989270382524,42.32383110629953,0.32716892059608227,65.7283156436342,9.015064487019815
T2,C39,EULS Max,4.25,-554.4156523075781,6.397989270382524,42.32383110629953,0.32716892059608227,47.54067334973111,26.185263673094145
T2,C39,EULS Min,0,-1028.9453635742636,-13.122069612703175,-48.09820306033203,-0.39952395284810893,-156.87668965668004,-30.93669694132527
T2,C39,EULS Min,2.125,-1018.6299915017637,-13.122069612703175,-48.09820306033203,-0.39952395284810893,-54.66800815347446,-3.0522990143310205
T2,C39,EULS Min,4.25,-1008.3146194292638,-13.122069612703175,-48.09820306033203,-0.39952395284810893,-24.209825457252293,-4.8213748884056145
T2,C4,EULS Max,0,-2383.0283035597895,26.98665874905058,86.64015555113939,0.48302194881150945,187.42548182304807,67.62026602000907
T2,C4,EULS Max,2.091253251168328,-2371.7487974768474,26.98665874905058,86.64015555113939,0.48302194881150945,17.141405417793052,11.184328172886847
T2,C4,EULS Max,4.182506502336656,-2360.469291393905,26.98665874905058,86.64015555113939,0.48302194881150945,-28.320657963919437,32.73289693516199
T2,C4,EULS Min,0,-3136.1050090262065,-21.03535340027111,-12.151758904439234,-0.5898446525726686,-79.14546859656389,-55.2476054404214
T2,C4,EULS Min,2.091253251168328,-3124.8255029432644,-21.03535340027111,-12.151758904439234,-0.5898446525726686,-57.54804698323308,-11.257354252629707
T2,C4,EULS Min,4.182506502336656,-3113.5459968603222,-21.03535340027111,-12.151758904439234,-0.5898446525726686,-174.94753213305174,-45.25160967423538
T2,C40,EULS Max,0,-858.4329098086132,9.725237961259666,31.405515796037943,0.48302194881150945,114.83037041630182,39.42734067606629
T2,C40,EULS Max,2.085,-847.1871316276132,9.725237961259666,31.405515796037943,0.48302194881150945,49.349869981562705,19.755444516372823
T2,C40,EULS Max,4.17,-835.9413534466132,9.725237961259666,31.405515796037943,0.48302194881150945,70.78701294427235,47.88456246370382
T2,C40,EULS Min,0,-1243.628629411141,-25.049503563279536,-48.213044076037804,-0.5898446525726686,-134.70717060083524,-58.21761294932322
T2,C40,EULS Min,2.085,-1232.382851230141,-25.049503563279536,-48.213044076037804,-0.5898446525726686,-34.182973702296394,-7.626554897723272
T2,C40,EULS Min,4.17,-1221.137073049141,-25.049503563279536,-48.213044076037804,-0.5898446525726686,-16.130630453176405,-1.126901622386523
T2,C41,EULS Max,0,-2347.2204714922796,22.525221450969198,11.68128749622634,0.48302194881150945,82.80088070536554,58.40886282848946
T2,C41,EULS Max,2.085,-2335.9746933112797,22.525221450969198,11.68128749622634,0.48302194881150945,63.07319908065918,11.443776103218683
T2,C41,EULS Max,4.17,-2324.72891513028,22.525221450969198,11.68128749622634,0.48302194881150945,172.98237670500353,29.567345989220843
T2,C41,EULS Min,0,-3040.9758622998224,-19.278503808880608,-84.30994499887026,-0.5898446525726686,-178.5900939402855,-50.82401489381128
T2,C41,EULS Min,2.085,-3029.7300841188226,-19.278503808880608,-84.30994499887026,-0.5898446525726686,-14.751334500155451,-10.628334452295219
T2,C41,EULS Min,4.17,-3018.4843059378227,-19.278503808880608,-84.30994499887026,-0.5898446525726686,34.08991184610173,-35.5213106220521
T2,C42,EULS Max,0,-1532.2481154736988,23.20704945627454,28.780081700792902,0.48302194881150945,105.02397734674048,59.41996830352782
T2,C42,EULS Max,2.085,-1521.0023372926987,23.20704945627454,28.780081700792902,0.48302194881150945,45.01750700058728,11.0332701871954
T2,C42,EULS Max,4.17,-1509.7565591116988,23.20704945627454,28.780081700792902,0.48302194881150945,97.63954133360417,25.371979712329658
T2,C42,EULS Min,0,-2122.0663108837625,-17.71718554119316,-55.8938984645563,-0.5898446525726686,-141.16081206575402,-48.508683994445825
T2,C42,EULS Min,2.085,-2110.8205327027626,-17.71718554119316,-55.8938984645563,-0.5898446525726686,-24.62203376715413,-11.56835214105808
T2,C42,EULS Min,4.17,-2099.5747545217628,-17.71718554119316,-55.8938984645563,-0.5898446525726686,-14.98896334556592,-38.36153740885353
T2,C43,EULS Max,0,-672.8727980672229,23.41511932675098,32.71505402446683,0.48302194881150945,107.8523764660786,59.728522049622526
T2,C43,EULS Max,2.085,-661.6270198862229,23.41511932675098,32.71505402446683,0.48302194881150945,39.64148882506524,10.907998253346737
T2,C43,EULS Max,4.17,-650.3812417052229,23.41511932675098,32.71505402446683,0.48302194881150945,57.711530351661054,7.2599134047915665
T2,C43,EULS Min,0,-1041.2681337939428,-10.976725203489256,-42.30800620925013,-0.5898446525726686,-118.71285554091199,-38.51303069375864
T2,C43,EULS Min,2.085,-1030.0223556129426,-10.976725203489256,-42.30800620925013,-0.5898446525726686,-30.500662594625464,-15.626558644483538
T2,C43,EULS Min,4.17,-1018.7765774319427,-10.976725203489256,-42.30800620925013,-0.5898446525726686,-28.5693988159481,-37.91252554292905
T2,C44,EULS Max,0,-4557.983139763232,2.8613265593414603,86.42087334740013,0.8475214168585542,313.24185841185425,40.93780506517683
T2,C44,EULS Max,2.085,-4542.239050309832,2.8613265593414603,86.42087334740013,0.8475214168585542,133.054337482525,40.193711388551954
T2,C44,EULS Max,4.17,-4526.494960856432,2.8613265593414603,86.42087334740013,0.8475214168585542,188.2309085502635,135.123930883271
T2,C44,EULS Min,0,-5653.495959803409,-60.76974974231623,-129.35776717964,-1.0349549889086076,-361.9950468758016,-118.28592554218767
T2,C44,EULS Min,2.085,-5637.751870350008,-60.76974974231623,-129.35776717964,-1.0349549889086076,-92.28410230625221,-0.33329271995043186
T2,C44,EULS Min,4.17,-5622.007780896609,-60.76974974231623,-129.35776717964,-1.0349549889086076,-47.13318344680427,29.006073312722954
T2,C45,EULS Max,0,-3328.1388975499995,56.18181204739666,127.34919163600027,0.8475214168585541,356.2005811381115,117.25078414084784
T2,C45,EULS Max,2.25,-3311.1488729599996,56.18181204739666,127.34919163600027,0.8475214168585541,69.66489995711089,-2.5769895564985585
T2,C45,EULS Max,4.5,-3294.1588483699998,56.18181204739666,127.34919163600027,0.8475214168585541,138.74550913932518,-1.3144064518039684
T2,C45,EULS Min,0,-4250.823826321719,-10.273846224715868,-98.3273962796123,-1.0349549889086076,-303.72777411893014,-47.54671446302536
T2,C45,EULS Min,2.25,-4233.833801731719,-10.273846224715868,-98.3273962796123,-1.0349549889086076,-82.49113248980248,-28.826506776619155
T2,C45,EULS Min,4.5,-4216.843777141719,-10.273846224715868,-98.3273962796123,-1.0349549889086076,-216.8707812238897,-135.56737007243714
T2,C5,EULS Max,0,-1420.5964575857988,29.982931369862452,52.86442902689704,0.48302194881150945,140.50824898395237,72.06353855800594
T2,C5,EULS Max,2.25,-1408.460725735799,29.982931369862452,52.86442902689704,0.48302194881150945,21.563283673434018,4.601942975815431
T2,C5,EULS Max,4.5,-1396.3249938857991,29.982931369862452,52.86442902689704,0.48302194881150945,59.3200371627834,36.28470286677778
T2,C5,EULS Min,0,-2139.7992341171403,-19.99898850118218,-39.0299027159857,-0.5898446525726686,-116.31452505915226,-53.71074538854202
T2,C5,EULS Min,2.25,-2127.6635022671408,-19.99898850118218,-39.0299027159857,-0.5898446525726686,-28.497243948184423,-8.713021260882124
T2,C5,EULS Min,4.5,-2115.5277704171403,-19.99898850118218,-39.0299027159857,-0.5898446525726686,-97.38168163708434,-62.85965260637509
T2,C6,EULS Max,0,-1077.7967007970885,8.101745112090558,46.66587195523151,0.3271689205960823,145.51608550073914,26.047771353475174
T2,C6,EULS Max,2.085,-1067.6755004341887,8.101745112090558,46.66587195523151,0.3271689205960823,48.217742474081426,9.155632794766358
T2,C6,EULS Max,4.17,-1057.5543000712885,8.101745112090558,46.66587195523151,0.3271689205960823,60.42130137807299,23.86542755892342
T2,C6,EULS Min,0,-1672.2841735643399,-13.450720923104498,-49.28687148229258,-0.399523952848109,-145.1049527030871,-32.22407869042234
T2,C6,EULS Min,2.085,-1662.16297320144,-13.450720923104498,-49.28687148229258,-0.399523952848109,-42.341825662507055,-4.179325565749457
T2,C6,EULS Min,4.17,-1652.0417728385398,-13.450720923104498,-49.28687148229258,-0.399523952848109,-49.08060055257628,-7.736505763942457
T2,C7,EULS Max,0,-804.1422673212235,7.229053286329177,38.83805633364081,0.14456715198525807,114.86097721638556,16.316768488287416
T2,C7,EULS Max,2.085,-796.7200537217635,7.229053286329177,38.83805633364081,0.14456715198525807,33.88362976074448,1.2441923862910826
T2,C7,EULS Max,4.17,-789.2978401223035,7.229053286329177,38.83805633364081,0.14456715198525807,46.66673911165827,9.441322708409244
T2,C7,EULS Min,0,-1225.6973732902568,-5.324393869752707,-37.4380994637055,-0.17653889589485436,-109.45013565199365,-12.761399728459542
T2,C7,EULS Min,2.085,-1218.275159690797,-5.324393869752707,-37.4380994637055,-0.17653889589485436,-31.391698270167694,-1.660038510025149
T2,C7,EULS Min,4.17,-1210.852946091337,-5.324393869752707,-37.4380994637055,-0.17653889589485436,-47.0937176948966,-13.828383715705248
T2,C8,EULS Max,0,-129.20660317923267,2.611141443418132,3.763954384736838,0.029110185195182738,8.421276544267256,5.821968672021225
T2,C8,EULS Max,2.085,-126.48512485943067,2.611141443418132,3.763954384736838,0.029110185195182738,0.5734316520909485,0.37773876249442145
T2,C8,EULS Max,4.17,-123.76364653962867,2.611141443418132,3.763954384736838,0.029110185195182738,6.031794702767809,2.3670545379821335
T2,C8,EULS Min,0,-256.1688367773429,-1.5163894983340307,-3.242128569947547,-0.035548047278238855,-7.487881433913461,-3.9562896700707744
T2,C8,EULS Min,2.085,-253.4473584575409,-1.5163894983340307,-3.242128569947547,-0.035548047278238855,-0.7280433655728263,-0.7946175660443204
T2,C8,EULS Min,4.17,-250.7258801377389,-1.5163894983340307,-3.242128569947547,-0.035548047278238855,-7.274413240085358,-5.066491147032384
T2,C9,EULS Max,0,-342.7022472462789,3.039831284201301,3.949178457390445,0.029110185195182738,8.74527334137233,6.462790250134787
T2,C9,EULS Max,2.085,-339.9807689264769,3.039831284201301,3.949178457390445,0.029110185195182738,0.5112362577132528,0.12474202257507275
T2,C9,EULS Max,4.17,-337.2592906066749,3.039831284201301,3.949178457390445,0.029110185195182738,4.976884441117589,3.392570740306071
T2,C9,EULS Min,0,-411.749961410557,-1.8997367298220842,-2.862216589291377,-0.035548047278238855,-6.958558736227455,-4.52933142305202
T2,C9,EULS Min,2.085,-409.028483090755,-1.8997367298220842,-2.862216589291377,-0.035548047278238855,-0.9908371475549338,-0.5683803413729746
T2,C9,EULS Min,4.17,-406.307004770953,-1.8997367298220842,-2.862216589291377,-0.035548047278238855,-7.722800825945825,-6.21330620498464
