Point,GlobalX,GlobalY,GlobalZ,SpecialPt
1,4.07,-0.03,0,#N/A
2,4.07,-0.03,3.6,#N/A
3,8.25,-0.03,0,#N/A
4,8.25,-0.03,3.6,#N/A
5,2.19,-0.03,0,#N/A
6,2.19,-0.03,3.6,#N/A
7,0,-0.03,0,#N/A
8,0,-0.03,3.6,#N/A
9,1.68,3.76,0,#N/A
10,1.68,3.76,3.6,#N/A
11,0,3.76,0,#N/A
12,0,3.76,3.6,#N/A
13,1.68,5.48,0,#N/A
14,1.68,5.48,3.6,#N/A
15,0,5.48,0,#N/A
16,0,5.48,3.6,#N/A
17,4.07,5.89,0,#N/A
18,4.07,5.89,3.6,#N/A
19,8.25,6.39,0,#N/A
20,8.25,6.39,3.6,#N/A
21,4.07,3.76,3.6,#N/A
22,2.19,3.76,3.6,#N/A
23,0,2.81,3.6,#N/A
24,2.19,2.81,3.6,#N/A
25,4.07,5.928933333333334,3.6,#N/A
26,1.68,5.6653090909090915,3.6,#N/A
27,4.07,-0.03,19.900000000000002,#N/A
29,2.19,-0.03,19.900000000000002,#N/A
30,0,-0.03,19.900000000000002,#N/A
31,1.68,3.76,19.900000000000002,#N/A
32,0,3.76,19.900000000000002,#N/A
33,1.68,5.48,19.900000000000002,#N/A
34,0,5.48,19.900000000000002,#N/A
35,4.07,5.89,19.900000000000002,#N/A
37,4.07,3.76,19.900000000000002,#N/A
38,2.19,3.76,19.900000000000002,#N/A
39,0,2.81,19.900000000000002,#N/A
40,2.19,2.81,19.900000000000002,#N/A
41,4.07,5.928933333333334,19.900000000000002,#N/A
42,1.68,5.6653090909090915,19.900000000000002,#N/A
43,4.07,-0.03,17.1,#N/A
44,8.25,-0.03,17.1,#N/A
45,2.19,-0.03,17.1,#N/A
46,0,-0.03,17.1,#N/A
47,1.68,3.76,17.1,#N/A
48,0,3.76,17.1,#N/A
49,1.68,5.48,17.1,#N/A
50,0,5.48,17.1,#N/A
51,4.07,5.89,17.1,#N/A
52,8.25,6.39,17.1,#N/A
53,4.07,3.76,17.1,#N/A
54,2.19,3.76,17.1,#N/A
55,0,2.81,17.1,#N/A
56,2.19,2.81,17.1,#N/A
57,4.07,5.928933333333334,17.1,#N/A
58,1.68,5.6653090909090915,17.1,#N/A
59,4.07,-0.03,13.8,#N/A
60,8.25,-0.03,13.8,#N/A
61,2.19,-0.03,13.8,#N/A
62,0,-0.03,13.8,#N/A
63,1.68,3.76,13.8,#N/A
64,0,3.76,13.8,#N/A
65,1.68,5.48,13.8,#N/A
66,0,5.48,13.8,#N/A
67,4.07,5.89,13.8,#N/A
68,8.25,6.39,13.8,#N/A
69,4.07,3.76,13.8,#N/A
70,2.19,3.76,13.8,#N/A
71,0,2.81,13.8,#N/A
72,2.19,2.81,13.8,#N/A
73,4.07,5.928933333333334,13.8,#N/A
74,1.68,5.6653090909090915,13.8,#N/A
75,4.07,-0.03,10.5,#N/A
76,8.25,-0.03,10.5,#N/A
77,2.19,-0.03,10.5,#N/A
78,0,-0.03,10.5,#N/A
79,1.68,3.76,10.5,#N/A
80,0,3.76,10.5,#N/A
81,1.68,5.48,10.5,#N/A
82,0,5.48,10.5,#N/A
83,4.07,5.89,10.5,#N/A
84,8.25,6.39,10.5,#N/A
85,4.07,3.76,10.5,#N/A
86,2.19,3.76,10.5,#N/A
87,0,2.81,10.5,#N/A
88,2.19,2.81,10.5,#N/A
89,4.07,5.928933333333334,10.5,#N/A
90,1.68,5.6653090909090915,10.5,#N/A
91,4.07,-0.03,7.2,#N/A
92,8.25,-0.03,7.2,#N/A
93,2.19,-0.03,7.2,#N/A
94,0,-0.03,7.2,#N/A
95,1.68,3.76,7.2,#N/A
96,0,3.76,7.2,#N/A
97,1.68,5.48,7.2,#N/A
98,0,5.48,7.2,#N/A
99,4.07,5.89,7.2,#N/A
100,8.25,6.39,7.2,#N/A
101,4.07,3.76,7.2,#N/A
102,2.19,3.76,7.2,#N/A
103,0,2.81,7.2,#N/A
104,2.19,2.81,7.2,#N/A
105,4.07,5.928933333333334,7.2,#N/A
106,1.68,5.6653090909090915,7.2,#N/A
115,9.75,3.09,17.1,#N/A
116,9.04,6.39,17.1,#N/A
117,9.04,3.09,17.1,#N/A
118,9.75,-0.03,17.1,#N/A
119,9.75,3.09,13.8,#N/A
120,9.04,6.39,13.8,#N/A
121,9.04,3.09,13.8,#N/A
122,9.75,-0.03,13.8,#N/A
123,9.75,3.09,10.5,#N/A
124,9.04,6.39,10.5,#N/A
125,9.04,3.09,10.5,#N/A
126,9.75,-0.03,10.5,#N/A
127,8.25,3.09,10.5,#N/A
129,8.25,3.09,17.1,#N/A
130,8.25,3.09,13.8,#N/A
132,-0.15,3.65,0,#N/A
135,-0.15,5.59,0,#N/A
136,1.8499999999999999,4.96,0,#N/A
137,1.68,4.03,0,#N/A
144,0.75,4.03,0,#N/A
145,0.75,4.96,0,#N/A
146,3.33,5.39,0,#N/A
147,4.07,5.48,0,#N/A
148,4.81,5.57,0,#N/A
149,2.95,4.97,0,#N/A
150,5.19,4.97,0,#N/A
151,5.19,6.25,0,#N/A
152,2.95,5.97,0,#N/A
153,8,4.74,0,#N/A
154,8.45,4.74,0,#N/A
155,8.45,6.01,0,#N/A
156,8.37,6.62,0,#N/A
157,6.81,6.43,0,#N/A
158,6.81,5.46,0,#N/A
159,7.19,5.72,0,#N/A
160,7.93,5.81,0,#N/A
161,8.2,5.11,0,#N/A
162,6.5200000000000005,0.73,0,#N/A
163,6.5200000000000005,-0.16,0,#N/A
164,8.45,-0.17,0,#N/A
165,8.45,1.48,0,#N/A
166,7.67,1.48,0,#N/A
167,6.9,0.46,0,#N/A
168,7.65,0.46,0,#N/A
169,7.65,1.1,0,#N/A
170,4.82,0.49,0,#N/A
171,4.07,0.49,0,#N/A
172,3.32,0.49,0,#N/A
173,2.95,-0.13,0,#N/A
174,5.2,-0.15,0,#N/A
175,5.2,0.86,0,#N/A
176,2.95,0.86,0,#N/A
177,1.98,0.46,0,#N/A
178,1.23,0.46,0,#N/A
179,0.48,0.46,0,#N/A
180,-0.15,-0.14,0,#N/A
181,2.34,-0.16,0,#N/A
182,2.34,0.83,0,#N/A
183,-0.15,0.83,0,#N/A
184,1.68,0.05999999999999961,0,#N/A
186,4.07,3.76,0,#N/A
185,4.05,4.9750000000000005,0,#N/A
187,4.05,6.2250000000000005,0,#N/A
188,4.075,-0.15000000000000002,0,#N/A
189,4.075,0.8750000000000001,0,#N/A
192,2.015,3.65,0,#N/A
191,2.015,5.59,0,#N/A
193,3.185,5.59,0,#N/A
142,-0.15,4.62,0,#N/A
143,2.015,4.62,0,#N/A
190,0.9325000000000001,3.65,0,#N/A
194,0.9325000000000001,5.59,0,#N/A
133,2.2395756033562804,2.874223512048506,19.900000000000002,#N/A
134,4.495762273036154,2.8795124925298534,17.1,#N/A
138,4.541913796918174,2.890230097290719,13.8,#N/A
139,4.541913796918174,2.890230097290719,10.5,#N/A
140,4.191652288571879,2.9070841619970724,7.2,#N/A
141,4.18712020818989,2.9070343631247844,3.6,#N/A
28,2.035,2.949466666666667,19.900000000000002,#N/A
36,4.875,3.1799999999999997,17.1,#N/A
107,4.875,3.1799999999999997,13.8,#N/A
108,4.875,3.1799999999999997,10.5,#N/A
109,4.125,3.1799999999999997,7.2,#N/A
110,4.125,3.1799999999999997,3.6,#N/A
111,2.035,2.949466666666667,19.900000000000002,#N/A
112,4.875,3.1799999999999997,17.1,#N/A
113,4.875,3.1799999999999997,13.8,#N/A
114,4.875,3.1799999999999997,10.5,#N/A
128,4.125,3.1799999999999997,7.2,#N/A
131,4.125,3.1799999999999997,3.6,#N/A
